{"t1": [50, "+", [8010, 8015], 7950], "t2": [30, "", [8005, 8014], 7870], "t3": [30, "", [8005, 8014], 7870], "t3.001": [10.633098668098624, "+", [8002, 8004], 7870], "t2.001": [10.633098668098624, "+", [8002, 8004], 7870], "t4": [30, "", [8005, 8014], 7870], "t4.001": [10.633098668098624, "+", [8002, 8004], 7870], "t4.002000000000001": [1.5342577755193951, "+", [8001, 8001], 7870], "t2.002": [1.5342577755193951, "+", [8001, 8001], 7870], "t3.002": [1.5342577755193951, "+", [8001, 8001], 7870]}